intID,intBC,n,cell_frac
intID1011,CGTTGTGTAAGAACCTTTCATTGGTCACGG,1640,0.9963547995139733
intID1077,CGTCTTGTCCACTTACTTGTCTGGATCAGG,3026,0.9905073649754501
intID1224,AGGTCGCCTCAGCACTGTTCGCGATAGCGT,4000,0.9913258983890955
intID1243,AGTCCAGCCTGGTTTTAACTGTGTATCATT,3879,0.9613382899628253
intID1250,GCCCATGGTCACTAGAAAGCATACCCTTCG,884,0.5370595382746051
intID1283,TTTCCCCTTTTGGTCCATTTAATGGGCGCG,4051,1.0039653035935563
intID1294,AACTGTGTCCTGTCCCATCCTTAGGCCGCC,1648,1.0012150668286757
intID1330,CCAAGCCTTTCTTGACAATTTGGCAATTTC,1643,0.9981773997569866
intID1427,GGTATGACTTGGGGCTTGTGTCATATATGC,1512,0.9185905224787363
intID1469,GTGGCTCCGGATAAGGCAGTGGATGGTATT,1696,1.0303766707168893
intID1584,CAAATCGCTTGGACAGTCGGTCATTCTAAA,1650,1.0024301336573511
intID1631,CGCCTATTGTGTTTTCTTGGGGTTTCTGCG,3115,1.0196399345335516
intID1684,GGCCAAATAGTGTCTAGGAAGCACATTCAG,1629,0.9896719319562576
intID1862,TTAAACCGGCACGTTATTCCTTGGAACCTA,1634,0.9927095990279465
intID1919,ATTAAATCGCGTCACCTATTTTCATTGCGC,559,0.5704081632653061
intID2054,CCGACTATGTTGTGTCTGACCATCAGTCCG,817,0.20247831474597275
intID2115,GTCCTCGTTGTTTTCGACTTCTTAATAGTC,1528,0.928311057108141
intID2129,ACCTCTCTTGTCATTGGAGGTTGTACAATG,1673,1.0164034021871202
intID232,AGTCCACTGGCTAGGCTCGCGTTGCGATCT,3996,0.9903345724907063
intID249,ACTTACAAGACCACAAGTGCCTCGTGTATT,1013,1.0336734693877552
intID343,CGAACTTCCCGTGTTTAGGGTACGGCTTGT,1678,1.0194410692588092
intID406,AGTCACCCCTTTTCCTCTGACAGAACCCGT,1645,0.9993924665856622
intID493,CCGGTGTTAGAGCGTAGTGGTTTCCGCACG,1670,1.014580801944107
intID618,TCTTGTTATCCCGAGTTGGGTTTCAGTAGG,1188,0.9883527454242929
intID642,TTTCGTTAAACATGAGAATTGGTAGTGATT,1641,0.996962332928311
intID811,CCCTACGGACTCATAAGGTTTTAGATGGGT,3974,0.9848822800495663
intID812,ATGATACCGGCGATCGCATTACAAAACCAT,1649,1.0018226002430133
intID974,ACGTTTTGTGGCCCACTCAACGTAGTCGAC,1641,0.996962332928311
